"Timestamp","User Count","Type","Name","Requests/s","Failures/s","50%","66%","75%","80%","90%","95%","98%","99%","99.9%","99.99%","99.999%","100%","Total Request Count","Total Failure Count","Total Median Response Time","Total Average Response Time","Total Min Response Time","Total Max Response Time","Total Average Content Size"
"1652192351","0","","Aggregated",0.00,0.00,"N/A","N/A","N/A","N/A","N/A","N/A","N/A","N/A","N/A","N/A","N/A","N/A",0,0,0,0,0,0,0
"1652192352","1","","Aggregated",0.00,0.00,"N/A","N/A","N/A","N/A","N/A","N/A","N/A","N/A","N/A","N/A","N/A","N/A",0,0,0,0,0,0,0
"1652192353","1","","Aggregated",0.00,0.00,"N/A","N/A","N/A","N/A","N/A","N/A","N/A","N/A","N/A","N/A","N/A","N/A",0,0,0,0,0,0,0
"1652192354","1","","Aggregated",0.00,0.00,8,9,13,15,27,33,53,58,89,89,89,89,112,0,8,11,1,88,284
"1652192355","1","","Aggregated",0.00,0.00,8,9,13,15,27,33,53,58,89,89,89,89,112,0,8,11,1,88,284
"1652192356","1","","Aggregated",0.00,0.00,8,9,13,15,27,33,53,58,89,89,89,89,112,0,8,11,1,88,284
"1652192357","1","","Aggregated",43.25,0.00,8,9,10,13,21,29,37,53,89,89,89,89,300,0,8,10,1,88,251
"1652192359","1","","Aggregated",43.25,0.00,8,9,10,13,21,29,37,53,89,89,89,89,300,0,8,10,1,88,251
"1652192360","1","","Aggregated",43.25,0.00,8,9,10,13,21,29,37,53,89,89,89,89,300,0,8,10,1,88,251
"1652192361","1","","Aggregated",52.43,0.00,8,9,10,13,19,28,34,43,89,89,89,89,497,0,8,9,1,88,271
"1652192362","1","","Aggregated",52.43,0.00,8,9,10,13,19,28,34,43,89,89,89,89,497,0,8,9,1,88,271
"1652192363","1","","Aggregated",52.43,0.00,8,9,10,13,18,24,33,34,44,44,44,44,497,0,8,9,1,88,271
"1652192364","1","","Aggregated",56.50,0.00,8,9,11,13,18,24,32,34,44,44,44,44,701,0,8,9,1,88,276
"1652192365","1","","Aggregated",56.50,0.00,8,9,11,13,18,24,32,34,44,44,44,44,701,0,8,9,1,88,276
"1652192366","1","","Aggregated",56.50,0.00,7,9,12,14,18,23,31,33,39,39,39,39,701,0,8,9,1,88,276
"1652192367","1","","Aggregated",65.40,0.00,8,9,12,14,18,23,32,38,71,71,71,71,883,0,8,9,1,88,277
"1652192368","1","","Aggregated",65.40,0.00,8,9,12,14,18,23,32,38,71,71,71,71,883,0,8,9,1,88,277
"1652192369","1","","Aggregated",65.40,0.00,8,9,13,14,18,23,32,39,71,71,71,71,883,0,8,9,1,88,277
"1652192370","1","","Aggregated",64.80,0.00,7,9,12,14,18,23,32,37,71,71,71,71,1090,0,7,9,1,88,277
"1652192371","1","","Aggregated",64.80,0.00,7,9,12,14,18,23,32,37,71,71,71,71,1090,0,7,9,1,88,277
"1652192372","1","","Aggregated",64.80,0.00,7,9,11,14,18,22,32,38,71,71,71,71,1090,0,7,9,1,88,277
"1652192373","1","","Aggregated",65.70,0.00,7,9,11,13,18,22,32,37,71,71,71,71,1297,0,7,9,1,88,281
"1652192374","1","","Aggregated",65.70,0.00,7,9,11,13,18,22,32,37,71,71,71,71,1297,0,7,9,1,88,281
"1652192375","1","","Aggregated",65.70,0.00,7,8,11,13,18,22,26,32,46,46,46,46,1486,0,7,9,1,88,280
"1652192376","1","","Aggregated",65.70,0.00,7,8,11,13,18,22,26,32,46,46,46,46,1486,0,7,9,1,88,280
"1652192377","1","","Aggregated",65.70,0.00,7,8,11,13,18,22,26,32,46,46,46,46,1486,0,7,9,1,88,280
"1652192378","1","","Aggregated",67.00,0.00,7,8,10,13,17,21,26,30,69,69,69,69,1698,0,7,9,1,88,283
"1652192379","1","","Aggregated",67.00,0.00,7,8,10,13,17,21,26,30,69,69,69,69,1698,0,7,9,1,88,283
"1652192380","1","","Aggregated",67.00,0.00,7,8,10,13,17,21,26,30,69,69,69,69,1698,0,7,9,1,88,283
"1652192381","1","","Aggregated",68.10,0.00,7,8,10,13,17,21,26,29,69,69,69,69,1901,0,7,9,1,88,283
"1652192382","1","","Aggregated",68.10,0.00,7,8,10,13,17,21,26,29,69,69,69,69,1901,0,7,9,1,88,283
"1652192383","1","","Aggregated",68.10,0.00,7,8,10,13,17,21,26,29,69,69,69,69,1901,0,7,9,1,88,283
"1652192384","1","","Aggregated",67.70,0.00,7,8,9,13,16,22,28,31,69,69,69,69,2108,0,7,9,1,88,286
"1652192385","1","","Aggregated",67.70,0.00,7,8,9,13,16,22,28,31,69,69,69,69,2108,0,7,9,1,88,286
"1652192386","1","","Aggregated",67.70,0.00,7,8,9,13,16,22,28,31,69,69,69,69,2108,0,7,9,1,88,286
"1652192387","1","","Aggregated",68.00,0.00,7,9,12,13,17,23,31,31,45,45,45,45,2294,0,7,9,1,88,284
"1652192388","1","","Aggregated",68.00,0.00,7,9,12,13,17,23,31,31,45,45,45,45,2294,0,7,9,1,88,284
"1652192389","1","","Aggregated",68.00,0.00,7,9,12,13,17,23,31,31,45,45,45,45,2294,0,7,9,1,88,284
"1652192390","1","","Aggregated",65.70,0.00,7,9,13,14,19,25,30,35,45,45,45,45,2479,0,7,9,1,88,283
"1652192391","1","","Aggregated",65.70,0.00,7,9,13,14,19,25,30,35,45,45,45,45,2479,0,7,9,1,88,283
"1652192392","1","","Aggregated",65.70,0.00,7,9,13,14,19,25,30,35,45,45,45,45,2479,0,7,9,1,88,283
"1652192393","1","","Aggregated",64.40,0.00,8,9,13,14,19,23,29,31,45,45,45,45,2692,0,7,9,1,88,285
"1652192394","1","","Aggregated",64.40,0.00,8,9,13,14,19,23,29,31,45,45,45,45,2692,0,7,9,1,88,285
"1652192395","1","","Aggregated",64.40,0.00,8,9,13,14,19,23,29,31,45,45,45,45,2692,0,7,9,1,88,285
"1652192396","1","","Aggregated",63.80,0.00,8,9,14,15,19,24,30,35,45,45,45,45,2866,0,7,9,1,88,283
"1652192397","1","","Aggregated",63.80,0.00,8,9,14,15,19,24,30,35,45,45,45,45,2866,0,7,9,1,88,283
"1652192398","1","","Aggregated",63.80,0.00,8,9,14,15,19,24,30,35,45,45,45,45,2866,0,7,9,1,88,283
"1652192399","1","","Aggregated",64.70,0.00,8,9,13,15,18,23,33,38,70,70,70,70,3071,0,7,9,1,88,282
"1652192400","1","","Aggregated",64.70,0.00,8,9,13,15,18,23,33,38,70,70,70,70,3071,0,7,9,1,88,282
"1652192401","1","","Aggregated",64.70,0.00,8,9,13,15,18,23,33,38,70,70,70,70,3071,0,7,9,1,88,282
"1652192402","1","","Aggregated",65.90,0.00,7,9,13,15,18,24,32,38,70,70,70,70,3284,0,7,9,1,88,283
"1652192403","1","","Aggregated",65.90,0.00,7,9,13,15,18,24,32,38,70,70,70,70,3284,0,7,9,1,88,283
"1652192404","1","","Aggregated",65.90,0.00,7,9,13,15,18,24,32,38,70,70,70,70,3284,0,7,9,1,88,283
"1652192405","1","","Aggregated",66.50,0.00,7,8,12,14,18,22,27,32,70,70,70,70,3485,0,7,9,1,88,283
"1652192406","1","","Aggregated",66.50,0.00,7,8,12,14,18,22,27,32,70,70,70,70,3485,0,7,9,1,88,283
"1652192407","1","","Aggregated",66.50,0.00,7,8,12,14,18,22,27,32,70,70,70,70,3485,0,7,9,1,88,283
"1652192408","1","","Aggregated",69.10,0.00,7,8,11,13,18,22,26,28,45,45,45,45,3694,0,7,9,1,88,282
"1652192409","1","","Aggregated",69.10,0.00,7,8,11,13,18,22,26,28,45,45,45,45,3694,0,7,9,1,88,282
"1652192410","1","","Aggregated",69.10,0.00,7,8,11,13,18,22,26,28,45,45,45,45,3694,0,7,9,1,88,282
"1652192411","1","","Aggregated",69.80,0.00,7,8,12,14,18,23,27,28,45,45,45,45,3895,0,7,9,1,88,281
"1652192412","1","","Aggregated",69.80,0.00,7,8,12,14,18,23,27,28,45,45,45,45,3895,0,7,9,1,88,281
"1652192413","1","","Aggregated",69.80,0.00,7,8,12,14,18,23,27,28,45,45,45,45,3895,0,7,9,1,88,281
"1652192414","1","","Aggregated",68.30,0.00,7,8,11,13,17,21,26,29,49,49,49,49,4114,0,7,9,1,88,282
"1652192415","1","","Aggregated",68.30,0.00,7,8,11,13,17,21,26,29,49,49,49,49,4114,0,7,9,1,88,282
"1652192416","1","","Aggregated",68.30,0.00,7,8,11,13,17,21,26,29,49,49,49,49,4114,0,7,9,1,88,282
"1652192417","1","","Aggregated",69.20,0.00,7,8,11,13,17,22,27,32,49,49,49,49,4308,0,7,9,1,88,284
"1652192418","1","","Aggregated",69.20,0.00,7,8,11,13,17,22,27,32,49,49,49,49,4308,0,7,9,1,88,284
"1652192419","1","","Aggregated",69.20,0.00,7,8,11,13,17,22,27,32,49,49,49,49,4308,0,7,9,1,88,284
"1652192420","1","","Aggregated",68.30,0.00,7,9,11,13,16,21,26,30,49,49,49,49,4518,0,7,9,1,88,284
"1652192421","1","","Aggregated",68.30,0.00,7,9,11,13,16,21,26,30,49,49,49,49,4518,0,7,9,1,88,284
"1652192422","1","","Aggregated",68.30,0.00,7,9,11,13,16,21,26,30,49,49,49,49,4518,0,7,9,1,88,284
"1652192423","1","","Aggregated",69.10,0.00,7,9,12,14,17,22,27,29,40,40,40,40,4717,0,7,9,1,88,283
"1652192424","1","","Aggregated",69.10,0.00,7,9,12,14,17,22,27,29,40,40,40,40,4717,0,7,9,1,88,283
"1652192425","1","","Aggregated",69.10,0.00,7,9,12,14,17,22,27,29,40,40,40,40,4717,0,7,9,1,88,283
"1652192426","1","","Aggregated",67.20,0.00,7,9,11,13,17,21,26,28,40,40,40,40,4922,0,7,9,1,88,282
"1652192427","1","","Aggregated",67.20,0.00,7,9,11,13,17,21,26,28,40,40,40,40,4922,0,7,9,1,88,282
"1652192428","1","","Aggregated",67.20,0.00,7,9,11,13,17,21,26,28,40,40,40,40,4922,0,7,9,1,88,282
"1652192429","1","","Aggregated",69.10,0.00,7,9,11,13,17,21,26,28,40,40,40,40,5132,0,7,9,1,88,283
"1652192430","1","","Aggregated",69.10,0.00,7,9,11,13,17,21,26,28,40,40,40,40,5132,0,7,9,1,88,283
"1652192431","1","","Aggregated",69.10,0.00,7,9,11,13,17,21,26,28,40,40,40,40,5132,0,7,9,1,88,283
"1652192432","0","","Aggregated",68.30,0.00,7,9,11,13,18,22,26,33,40,40,40,40,5319,0,7,9,1,88,283
"1652192433","0","","Aggregated",68.30,0.00,7,9,11,13,18,22,26,33,40,40,40,40,5319,0,7,9,1,88,283
"1652192433","0","","Aggregated",68.30,0.00,7,9,11,13,18,22,26,33,40,40,40,40,5319,0,7,9,1,88,283
